<?xml version="1.0" encoding="UTF-8"?>
<!DOCTYPE mapper
        PUBLIC "-//mybatis.org//DTD Mapper 3.0//EN"
        "http://mybatis.org/dtd/mybatis-3-mapper.dtd">
<!-- namespace是用来绑定指定接口的，绑定了就不用实现了，即面向接口编程，mybatis会自动找到接口中的方法-->
<mapper namespace="day15.mybatis.RoleMapper">
    <resultMap id="roleInfo" type="role">
        <id property="id" column="id"></id>
        <result property="roleName" column="role_name"></result>
        <result property="note" column="note"></result>
    </resultMap>

    <select id="findAllRole" resultMap="roleInfo" >
        select * from t_role
    </select>

    <select id="findRoleById" resultMap="roleInfo">
        select * from t_role where id = #{id}
    </select>

    <insert id="insertRole" parameterType="role">
        insert into t_role values(null,#{roleName},#{note})
    </insert>

    <update id="updateRole" parameterType="role">
        update t_role set role_name = #{roleName}, note = #{note} where id = #{id}
    </update>

    <delete id="deleteRole" parameterType="int">
        delete from t_role where id = #{id}
    </delete>

</mapper>
